Transaction_ID,Instructor_ID,Course_ID,Student_ID,Date
0,9,16,971,10/24/2018
1,3,15,49,09/18/2019
2,8,22,197,07/25/2020
3,1,26,125,01/03/2018
4,9,16,715,01/14/2018
5,7,11,597,05/31/2019
6,3,11,691,08/17/2019
7,6,23,267,10/28/2017
8,2,17,21,09/08/2019
9,7,16,516,09/14/2020
10,6,16,368,09/20/2018
11,4,2,838,11/15/2017
12,3,5,1000,09/11/2020
13,3,6,783,10/29/2018
14,2,18,605,04/02/2017
15,9,24,154,09/24/2020
16,3,21,988,04/09/2019
17,3,14,354,03/08/2021
18,6,12,225,06/07/2020
19,3,13,272,05/29/2018
20,10,7,385,09/19/2020
21,3,5,583,10/05/2019
22,1,9,181,11/18/2019
23,7,5,334,10/31/2017
24,9,18,131,01/14/2020
25,10,9,538,07/16/2019
26,9,27,249,01/14/2018
27,6,16,944,03/19/2020
28,2,16,709,11/16/2017
29,1,21,579,06/11/2019
30,4,9,323,02/22/2018
31,6,10,943,01/19/2019
32,5,20,762,11/23/2020
33,7,16,926,06/14/2017
34,6,18,578,11/26/2018
35,9,14,311,11/06/2019
36,1,8,3,12/17/2017
37,2,7,487,02/06/2017
38,3,11,688,05/10/2020
39,2,20,261,04/19/2018
40,1,23,503,07/14/2019
41,4,18,240,01/23/2017
42,6,5,635,02/09/2019
43,1,15,296,02/24/2019
44,5,4,304,03/19/2017
45,7,7,75,11/11/2020
46,7,13,325,11/24/2019
47,4,26,629,06/24/2019
48,5,7,594,02/23/2017
49,8,1,919,08/07/2020
50,2,9,480,09/30/2017
51,8,15,192,11/13/2020
52,1,30,786,04/29/2017
53,1,11,67,04/23/2020
54,1,14,631,08/02/2017
55,7,27,417,11/29/2019
56,2,27,650,01/14/2017
57,9,24,448,03/07/2021
58,6,23,469,03/24/2021
59,2,4,330,02/25/2021
60,9,25,110,03/04/2017
61,3,21,81,11/09/2020
62,5,5,172,11/06/2018
63,3,12,992,03/30/2021
64,10,13,139,09/03/2018
65,7,14,998,02/27/2019
66,5,30,385,05/27/2021
67,7,22,855,06/01/2018
68,4,4,623,03/10/2019
69,10,1,50,04/23/2018
70,10,21,850,02/07/2017
71,2,26,926,04/20/2018
72,2,6,527,10/26/2019
73,8,8,764,07/26/2018
74,3,8,875,03/01/2021
75,3,30,790,03/17/2019
76,10,10,352,09/19/2017
77,2,8,896,05/06/2020
78,10,22,326,05/19/2019
79,10,14,639,11/28/2017
80,7,2,457,12/08/2018
81,6,20,350,04/07/2018
82,4,9,874,11/04/2019
83,10,18,584,09/27/2019
84,6,15,830,07/05/2019
85,4,10,991,05/08/2020
86,9,18,317,08/30/2019
87,6,2,467,05/11/2019
88,6,3,777,10/15/2020
89,2,25,908,02/09/2019
90,7,30,681,09/19/2018
91,9,11,80,04/28/2019
92,6,25,337,08/27/2018
93,4,18,70,05/25/2019
94,7,11,693,03/23/2020
95,2,22,827,02/18/2019
96,8,22,420,07/20/2019
97,9,6,674,06/06/2018
98,3,2,578,01/22/2017
99,3,22,743,07/17/2017
100,6,26,763,01/28/2019
101,8,18,134,03/11/2019
102,3,5,939,02/21/2017
103,8,21,185,09/03/2017
104,10,26,397,08/28/2017
105,9,20,820,03/09/2019
106,9,29,257,06/05/2017
107,6,8,881,04/30/2019
108,7,13,123,07/23/2018
109,9,24,881,04/27/2020
110,10,29,946,04/20/2018
111,7,20,436,11/20/2017
112,9,25,781,02/01/2021
113,6,19,525,10/22/2019
114,4,1,929,02/07/2018
115,3,22,67,07/12/2020
116,10,18,656,12/01/2019
117,6,20,590,05/24/2021
118,1,19,870,09/19/2019
119,8,16,122,06/05/2018
120,9,15,701,03/25/2020
121,3,29,259,05/16/2017
122,8,9,475,04/21/2019
123,3,10,496,01/28/2018
124,7,12,757,05/22/2020
125,8,6,887,12/25/2020
126,3,9,728,04/26/2021
127,3,10,735,05/31/2020
128,6,19,777,05/01/2017
129,5,3,846,03/18/2019
130,3,30,60,08/27/2019
131,1,26,353,04/29/2019
132,8,9,977,12/04/2017
133,1,25,463,08/07/2019
134,10,25,570,12/06/2019
135,4,19,273,12/29/2017
136,2,5,982,11/28/2020
137,4,8,613,02/28/2020
138,7,8,852,05/31/2017
139,2,18,969,06/06/2017
140,9,2,550,03/30/2021
141,9,29,959,04/07/2018
142,10,6,890,09/01/2020
143,5,12,652,02/13/2019
144,3,19,176,05/23/2018
145,10,8,294,02/01/2020
146,1,23,718,02/04/2020
147,8,29,943,04/08/2020
148,8,5,156,08/12/2019
149,3,28,19,09/27/2019
150,9,6,583,10/30/2020
151,5,10,42,05/31/2018
152,8,10,627,10/28/2017
153,1,4,800,01/24/2018
154,5,2,293,01/08/2019
155,10,22,825,06/24/2020
156,4,24,325,05/11/2018
157,7,11,116,07/19/2020
158,2,7,251,08/21/2017
159,7,21,224,02/24/2018
160,6,2,134,12/23/2020
161,8,10,188,02/11/2020
162,8,23,694,06/29/2018
163,6,14,953,08/28/2017
164,8,20,899,01/26/2021
165,9,17,82,04/19/2019
166,9,9,799,11/10/2017
167,10,1,910,01/15/2018
168,8,5,936,01/24/2019
169,6,18,115,12/06/2019
170,8,3,365,05/20/2017
171,6,29,264,02/01/2017
172,8,20,562,06/29/2019
173,2,15,269,04/08/2017
174,1,19,92,03/11/2020
175,6,13,968,01/25/2019
176,9,2,739,10/13/2020
177,7,23,621,05/07/2020
178,5,9,921,03/29/2017
179,8,23,733,12/19/2019
180,9,25,794,08/13/2019
181,4,25,286,05/17/2019
182,8,1,154,11/14/2019
183,9,6,952,10/24/2018
184,4,24,964,11/04/2018
185,1,22,67,03/04/2020
186,3,15,651,07/16/2018
187,5,3,500,09/04/2020
188,2,9,227,09/27/2018
189,1,19,701,07/09/2020
190,4,25,850,02/13/2017
191,1,26,912,08/25/2018
192,2,17,85,04/01/2020
193,7,13,610,03/01/2018
194,8,23,120,02/16/2021
195,2,17,8,05/14/2021
196,2,7,370,05/17/2019
197,3,15,425,07/24/2017
198,1,18,872,01/23/2020
199,1,23,928,10/05/2020
200,4,12,729,10/01/2020
201,3,7,820,01/13/2021
202,9,25,823,08/28/2018
203,7,9,610,07/22/2020
204,3,16,259,04/08/2021
205,5,23,657,04/26/2021
206,4,4,358,03/11/2021
207,4,26,599,01/12/2017
208,8,29,641,09/26/2018
209,1,20,613,02/15/2017
210,1,15,314,01/20/2018
211,3,20,205,03/14/2019
212,8,29,619,06/18/2017
213,1,1,263,05/26/2017
214,7,1,422,09/16/2019
215,7,3,838,06/22/2017
216,7,18,526,02/05/2018
217,6,16,123,10/08/2018
218,1,6,210,02/13/2021
219,5,10,980,10/19/2020
220,4,21,39,02/27/2019
221,7,24,177,12/04/2017
222,1,20,310,10/03/2019
223,6,6,938,08/26/2019
224,8,14,729,12/10/2017
225,1,23,165,01/29/2019
226,9,9,147,10/30/2020
227,6,18,890,02/25/2017
228,2,5,651,03/31/2020
229,10,17,165,02/22/2019
230,7,2,879,03/16/2019
231,4,20,739,05/19/2018
232,6,26,920,09/23/2019
233,7,11,729,12/23/2017
234,4,8,625,01/31/2020
235,8,21,274,12/23/2019
236,5,11,231,06/26/2019
237,3,20,494,02/02/2018
238,7,30,621,04/18/2017
239,1,18,616,05/22/2021
240,2,16,916,01/19/2019
241,1,28,905,02/13/2018
242,8,27,117,04/18/2017
243,6,16,417,05/03/2017
244,1,7,536,06/25/2019
245,5,28,850,03/09/2020
246,4,13,739,02/16/2019
247,1,22,523,04/17/2017
248,2,28,961,10/14/2020
249,7,25,674,11/14/2017
250,10,2,412,09/18/2019
251,8,16,86,07/25/2018
252,8,3,187,03/15/2020
253,1,5,475,07/15/2019
254,4,13,803,08/17/2018
255,1,9,160,01/31/2021
256,8,16,529,09/13/2020
257,7,13,464,06/27/2017
258,10,29,759,01/19/2019
259,5,28,688,09/14/2019
260,9,4,784,08/12/2018
261,3,8,300,03/24/2021
262,4,26,106,11/20/2019
263,10,1,140,10/22/2020
264,6,3,744,03/25/2019
265,6,28,670,01/16/2018
266,10,11,8,12/03/2020
267,2,13,984,05/22/2018
268,6,2,960,03/07/2021
269,7,19,345,10/09/2020
270,2,6,594,12/19/2018
271,3,2,515,02/03/2018
272,2,17,761,12/17/2020
273,2,28,25,06/09/2019
274,9,13,181,01/27/2019
275,8,28,493,10/14/2020
276,5,28,962,02/06/2019
277,1,8,214,04/02/2021
278,10,30,411,12/02/2018
279,9,8,728,05/25/2018
280,4,4,66,11/21/2019
281,6,3,389,07/18/2017
282,8,7,614,03/12/2021
283,4,3,825,09/28/2017
284,4,19,966,10/14/2019
285,10,29,282,05/28/2017
286,1,27,804,08/08/2018
287,9,1,651,02/28/2018
288,10,23,198,03/09/2018
289,5,4,39,02/25/2021
290,8,3,276,12/24/2020
291,1,22,152,05/15/2021
292,6,25,956,05/27/2017
293,9,22,781,05/26/2018
294,3,30,772,10/17/2019
295,9,30,227,04/09/2020
296,6,16,103,02/24/2020
297,3,27,460,10/22/2020
298,6,13,791,10/27/2019
299,4,6,331,09/21/2017
300,9,1,946,04/07/2020
301,5,1,632,05/05/2021
302,7,23,440,04/12/2020
303,3,14,997,10/02/2018
304,3,6,330,06/17/2018
305,1,4,450,12/02/2019
306,5,25,349,05/02/2018
307,7,27,83,07/14/2017
308,7,19,443,10/27/2020
309,8,23,607,09/27/2017
310,1,13,984,08/09/2018
311,9,26,893,03/03/2017
312,4,4,210,04/15/2017
313,6,23,543,10/13/2017
314,1,14,938,04/20/2018
315,3,30,738,04/10/2019
316,6,6,891,04/01/2021
317,3,16,98,11/15/2018
318,7,26,216,03/20/2021
319,10,14,568,04/07/2017
320,1,4,527,04/22/2018
321,3,23,273,06/20/2017
322,8,3,803,08/17/2019
323,8,23,775,06/07/2020
324,8,25,946,07/10/2017
325,5,8,711,10/22/2017
326,3,2,502,07/30/2018
327,9,25,221,04/19/2017
328,3,12,77,09/19/2018
329,7,1,890,03/23/2020
330,6,21,874,09/25/2017
331,6,23,158,03/27/2019
332,9,9,433,08/24/2019
333,7,10,943,08/12/2020
334,1,17,319,07/18/2017
335,3,14,773,11/03/2020
336,5,27,691,08/30/2018
337,9,17,791,02/18/2017
338,10,1,984,04/12/2021
339,3,27,284,05/24/2017
340,3,9,938,07/08/2017
341,1,14,343,09/22/2020
342,8,4,882,05/23/2021
343,7,9,807,04/06/2020
344,3,5,939,07/02/2019
345,3,24,151,04/23/2018
346,9,23,838,12/01/2020
347,4,15,81,05/14/2017
348,10,16,783,10/02/2018
349,8,17,963,10/08/2018
350,8,2,554,03/04/2017
351,6,5,984,01/17/2019
352,7,25,213,05/21/2018
353,8,3,39,10/05/2017
354,6,24,243,11/17/2020
355,4,3,685,08/16/2019
356,3,27,743,04/11/2020
357,2,20,31,09/02/2017
358,3,18,939,07/04/2017
359,7,3,761,09/05/2019
360,1,18,910,01/13/2017
361,6,23,338,03/08/2021
362,9,11,788,09/19/2019
363,6,7,275,06/11/2017
364,8,28,386,04/18/2021
365,2,27,65,09/08/2018
366,2,15,978,02/16/2019
367,6,29,828,03/18/2020
368,7,29,241,11/28/2019
369,9,13,90,10/14/2020
370,6,10,381,04/09/2018
371,10,9,486,02/20/2020
372,2,12,791,06/13/2020
373,1,5,369,04/12/2019
374,10,13,355,04/17/2017
375,5,27,886,02/27/2018
376,7,8,527,05/29/2017
377,5,14,99,03/12/2017
378,1,11,771,08/19/2019
379,2,26,833,07/26/2018
380,2,16,184,06/11/2017
381,7,19,509,02/19/2017
382,6,17,385,05/02/2020
383,7,14,447,04/01/2019
384,5,12,392,01/31/2019
385,8,25,174,05/10/2021
386,8,11,430,12/06/2018
387,4,9,156,10/09/2019
388,3,6,869,05/10/2019
389,5,6,568,11/03/2017
390,7,1,511,03/15/2021
391,2,9,579,03/13/2019
392,1,27,825,10/06/2020
393,5,18,839,08/20/2017
394,4,12,241,06/27/2019
395,4,11,876,05/26/2017
396,7,22,263,05/17/2020
397,7,21,854,02/27/2021
398,6,10,838,09/19/2020
399,8,3,486,03/15/2018
400,4,21,947,03/11/2020
401,4,17,458,12/17/2018
402,2,14,218,03/19/2021
403,10,5,950,03/10/2018
404,6,10,721,11/04/2019
405,1,30,377,11/12/2017
406,2,16,795,02/03/2019
407,4,23,201,01/24/2019
408,7,2,820,07/18/2017
409,2,2,880,09/17/2020
410,10,5,229,05/01/2018
411,4,12,841,12/07/2017
412,7,1,177,05/18/2021
413,7,22,533,09/09/2019
414,10,15,666,06/21/2017
415,2,19,133,09/27/2019
416,3,21,951,08/12/2017
417,1,29,264,01/13/2017
418,5,26,52,03/25/2021
419,6,14,634,10/11/2019
420,3,26,302,06/29/2019
421,1,7,424,11/19/2019
422,3,9,863,05/31/2021
423,4,4,900,11/30/2019
424,1,15,653,09/13/2018
425,4,27,209,08/27/2018
426,9,23,432,12/09/2017
427,9,29,837,10/31/2017
428,8,22,697,04/26/2019
429,5,2,920,01/27/2017
430,3,5,703,12/18/2019
431,8,19,698,08/02/2018
432,4,19,587,03/30/2021
433,7,8,567,11/23/2017
434,4,20,198,09/16/2019
435,1,28,754,08/29/2018
436,7,12,964,10/08/2018
437,9,14,448,07/21/2020
438,2,13,733,06/02/2018
439,10,18,910,02/26/2020
440,3,20,69,06/07/2017
441,10,1,516,06/01/2017
442,2,29,518,11/01/2018
443,3,21,594,11/26/2018
444,4,6,716,11/11/2018
445,9,3,83,07/23/2019
446,8,12,107,12/27/2019
447,2,1,352,12/17/2020
448,10,16,256,02/28/2020
449,10,1,498,01/11/2019
450,4,22,909,10/30/2020
451,2,19,8,01/04/2017
452,1,6,109,02/07/2021
453,7,17,719,04/15/2020
454,2,11,682,07/15/2018
455,10,29,574,03/27/2018
456,7,7,26,07/24/2018
457,6,7,534,10/09/2020
458,8,24,85,04/04/2019
459,9,30,8,10/19/2019
460,8,21,182,09/16/2017
461,2,9,393,10/14/2018
462,5,29,957,09/16/2017
463,7,18,704,05/09/2017
464,7,14,825,09/12/2020
465,5,23,675,03/18/2018
466,6,8,831,12/23/2017
467,3,12,80,01/02/2020
468,5,29,13,09/24/2020
469,9,9,357,01/07/2018
470,7,16,341,01/05/2017
471,6,24,197,03/23/2018
472,3,4,669,05/23/2019
473,6,1,879,09/09/2019
474,2,6,772,07/29/2020
475,7,19,647,12/10/2019
476,3,29,356,10/17/2019
477,7,5,679,01/20/2021
478,10,17,497,07/06/2017
479,6,29,239,09/11/2019
480,3,18,729,05/10/2017
481,4,22,473,10/27/2020
482,10,22,521,07/02/2018
483,1,13,14,03/09/2021
484,1,25,769,11/26/2018
485,5,29,995,03/07/2019
486,5,8,933,03/31/2020
487,10,15,91,02/06/2021
488,2,22,383,10/17/2019
489,9,14,45,10/22/2017
490,9,18,492,07/19/2020
491,3,24,124,04/18/2020
492,8,1,463,05/24/2018
493,7,24,150,04/08/2018
494,5,8,714,10/27/2020
495,8,9,581,08/05/2019
496,6,28,134,04/08/2018
497,6,4,557,02/05/2018
498,6,3,629,03/07/2020
499,1,18,649,07/10/2019
500,2,30,536,04/14/2017
501,1,15,233,02/25/2017
502,2,28,800,01/16/2019
503,3,19,41,05/19/2021
504,6,11,984,07/15/2018
505,7,30,853,02/08/2021
506,10,5,630,07/21/2019
507,6,6,80,03/16/2021
508,3,29,144,12/01/2017
509,4,11,634,12/01/2019
510,8,5,651,10/11/2018
511,8,28,155,12/17/2020
512,7,16,20,09/19/2019
513,7,16,299,11/17/2017
514,9,29,227,01/21/2019
515,7,4,608,01/27/2019
516,6,29,122,06/22/2020
517,7,11,313,04/14/2020
518,6,8,568,02/18/2019
519,10,26,712,03/26/2020
520,10,8,126,03/14/2017
521,6,24,406,03/17/2017
522,8,6,551,06/01/2017
523,8,29,900,06/01/2019
524,9,7,505,04/20/2020
525,5,25,856,12/15/2018
526,4,9,734,05/02/2018
527,7,15,979,04/28/2020
528,4,18,210,06/09/2017
529,9,28,429,02/03/2018
530,3,28,209,07/31/2020
531,6,26,771,11/23/2019
532,10,13,574,04/08/2018
533,9,19,172,04/15/2019
534,10,10,795,01/30/2017
535,10,11,986,08/08/2018
536,3,29,614,02/20/2017
537,4,25,64,11/30/2018
538,1,23,131,12/20/2020
539,5,20,413,04/23/2018
540,10,25,499,06/18/2018
541,6,4,306,08/30/2019
542,10,29,351,02/05/2021
543,9,17,72,05/30/2020
544,10,5,651,03/17/2020
545,6,29,468,09/30/2019
546,10,5,981,05/18/2017
547,8,28,902,03/09/2021
548,5,19,642,08/17/2018
549,3,12,312,11/15/2017
550,9,30,634,06/08/2020
551,3,14,215,11/16/2019
552,8,11,994,11/19/2018
553,8,1,222,07/10/2018
554,7,16,783,10/06/2018
555,2,23,727,05/08/2019
556,8,29,855,02/13/2019
557,4,29,968,12/21/2019
558,5,11,573,09/15/2019
559,5,16,713,03/19/2018
560,5,26,663,03/30/2019
561,4,7,451,05/28/2020
562,2,30,461,12/25/2017
563,1,22,19,07/26/2017
564,4,20,316,01/17/2019
565,4,12,129,09/20/2019
566,10,26,632,05/06/2021
567,6,3,782,10/14/2020
568,5,24,662,06/14/2019
569,9,14,977,02/27/2021
570,1,30,827,11/17/2020
571,2,26,422,07/26/2020
572,10,9,785,05/09/2020
573,3,10,761,07/26/2019
574,7,28,246,01/02/2021
575,6,3,446,08/18/2018
576,3,20,453,01/03/2021
577,6,11,7,02/11/2018
578,6,9,703,09/11/2019
579,9,17,887,01/09/2017
580,2,11,812,11/22/2018
581,5,15,622,07/26/2019
582,7,19,166,02/22/2018
583,9,11,977,11/11/2017
584,8,30,380,09/02/2018
585,4,5,526,02/25/2021
586,3,25,406,03/31/2021
587,7,8,788,06/06/2018
588,4,7,876,04/06/2017
589,5,25,38,08/11/2019
590,9,8,559,10/19/2017
591,6,26,661,07/30/2018
592,8,26,851,09/12/2020
593,4,11,855,03/20/2019
594,5,27,625,12/28/2018
595,10,28,62,05/08/2021
596,5,30,13,01/24/2019
597,3,16,507,04/06/2018
598,4,25,45,01/05/2019
599,3,29,81,01/13/2018
600,10,25,779,07/24/2018
601,8,9,361,10/14/2019
602,8,24,177,05/09/2020
603,5,4,273,07/08/2018
604,5,12,372,04/28/2017
605,6,12,976,05/08/2018
606,8,28,796,01/05/2021
607,6,20,7,07/17/2019
608,4,1,865,02/13/2017
609,9,21,324,06/01/2017
610,8,27,981,03/20/2021
611,8,21,548,10/05/2017
612,9,29,142,08/21/2017
613,6,25,172,04/26/2020
614,5,16,665,10/13/2019
615,2,15,943,09/21/2019
616,6,6,182,10/27/2019
617,2,27,674,05/25/2017
618,3,10,257,08/28/2019
619,6,27,273,12/10/2017
620,10,30,881,03/25/2021
621,1,8,51,11/15/2020
622,7,14,865,03/05/2019
623,1,22,426,04/04/2020
624,2,28,42,05/06/2018
625,6,10,642,01/24/2021
626,7,14,252,03/30/2018
627,10,26,638,10/28/2018
628,6,20,594,02/12/2021
629,1,25,510,11/01/2019
630,9,5,132,09/26/2018
631,5,7,573,08/20/2020
632,8,18,692,06/21/2019
633,6,20,480,11/26/2017
634,10,21,968,04/20/2017
635,7,20,8,04/26/2018
636,3,9,109,10/07/2020
637,10,17,719,12/24/2019
638,3,26,406,12/22/2019
639,1,27,781,10/23/2017
640,2,21,599,03/28/2021
641,9,24,36,04/26/2018
642,2,9,850,05/09/2018
643,5,11,288,02/07/2021
644,3,15,30,07/23/2019
645,4,20,913,08/10/2017
646,7,15,340,06/11/2018
647,4,12,467,01/17/2017
648,8,29,506,02/05/2018
649,4,16,249,03/21/2020
650,5,5,115,11/24/2019
651,2,8,41,10/02/2019
652,8,19,440,04/03/2020
653,3,16,996,10/04/2017
654,6,8,77,09/26/2017
655,2,7,985,04/26/2018
656,6,23,408,01/26/2017
657,6,28,143,12/07/2018
658,2,3,478,09/06/2017
659,4,9,479,06/29/2017
660,8,6,610,05/25/2021
661,1,5,561,12/22/2019
662,6,10,130,08/03/2017
663,9,10,250,07/09/2017
664,5,16,329,04/28/2021
665,9,23,16,01/04/2018
666,9,6,116,07/15/2020
667,6,8,743,05/02/2017
668,3,16,32,09/01/2017
669,10,27,166,11/30/2020
670,3,21,487,02/02/2017
671,2,11,82,07/01/2019
672,5,10,499,02/23/2021
673,8,28,407,11/15/2019
674,1,18,607,07/03/2017
675,9,16,32,02/10/2020
676,1,2,582,06/19/2020
677,9,12,255,07/22/2019
678,3,9,75,06/21/2017
679,10,16,913,04/13/2017
680,8,24,837,05/26/2020
681,7,17,966,12/29/2020
682,8,15,185,01/20/2021
683,7,4,12,05/29/2017
684,3,5,184,10/15/2020
685,4,28,399,10/05/2017
686,1,27,703,11/21/2017
687,4,25,363,05/24/2021
688,8,11,59,05/08/2021
689,1,8,153,07/04/2019
690,10,7,700,09/16/2019
691,4,1,767,04/09/2020
692,7,14,884,02/13/2021
693,5,2,620,10/17/2018
694,5,30,426,09/23/2019
695,7,24,646,09/14/2017
696,7,6,752,08/21/2020
697,2,22,466,07/09/2017
698,4,13,17,01/13/2021
699,4,26,656,07/29/2020
700,4,22,634,09/17/2019
701,1,30,633,10/20/2017
702,2,24,460,05/14/2017
703,2,26,48,04/14/2017
704,1,18,636,04/28/2019
705,1,13,861,04/19/2021
706,10,18,56,11/28/2018
707,1,7,798,10/24/2019
708,2,26,343,08/08/2020
709,7,29,344,01/19/2018
710,7,4,788,05/01/2018
711,1,26,52,03/11/2020
712,1,3,930,06/14/2020
713,6,10,49,04/07/2021
714,7,27,225,03/06/2019
715,8,29,399,11/10/2017
716,3,27,801,05/30/2018
717,8,8,437,04/23/2019
718,7,21,399,11/18/2017
719,3,9,510,02/08/2020
720,10,5,415,12/12/2018
721,8,5,500,07/22/2019
722,1,17,963,01/10/2020
723,9,1,71,10/28/2019
724,7,2,269,04/08/2020
725,8,10,435,06/06/2019
726,1,30,208,02/09/2020
727,3,8,85,03/24/2020
728,8,10,844,01/28/2021
729,6,23,85,12/14/2018
730,2,3,908,02/22/2019
731,5,7,982,06/11/2019
732,9,14,416,09/09/2020
733,4,3,242,10/10/2020
734,6,23,9,06/21/2017
735,10,19,385,09/06/2018
736,2,27,835,03/22/2017
737,2,21,254,10/09/2017
738,9,26,637,01/27/2018
739,3,30,259,01/05/2020
740,6,27,17,07/15/2020
741,9,27,71,09/17/2018
742,5,29,352,11/19/2018
743,4,11,893,03/05/2020
744,6,10,949,09/15/2019
745,1,21,518,07/17/2020
746,6,22,926,10/09/2017
747,1,11,590,12/03/2020
748,4,7,402,09/10/2017
749,4,9,68,07/03/2017
750,4,21,560,10/14/2020
751,8,17,827,05/20/2017
752,1,9,513,12/01/2017
753,7,12,66,05/26/2020
754,2,2,79,09/20/2017
755,8,21,327,05/11/2021
756,6,3,98,01/21/2019
757,6,11,51,02/12/2018
758,5,18,224,01/08/2021
759,3,27,734,07/09/2019
760,1,24,595,01/13/2020
761,7,22,682,03/16/2021
762,1,9,409,05/20/2021
763,6,1,510,05/04/2017
764,9,14,993,01/19/2021
765,8,27,810,08/27/2018
766,1,9,155,12/15/2019
767,5,2,948,04/25/2020
768,3,18,331,03/02/2018
769,2,24,542,03/23/2020
770,4,22,990,01/30/2017
771,3,27,866,01/28/2021
772,4,16,910,09/12/2018
773,7,6,580,05/31/2020
774,2,17,356,02/16/2018
775,2,14,112,03/17/2017
776,2,19,342,01/02/2017
777,3,24,884,11/20/2020
778,1,1,140,03/10/2019
779,1,17,988,03/18/2021
780,8,2,651,08/12/2020
781,4,22,165,07/04/2017
782,8,19,513,06/09/2019
783,1,18,424,06/04/2019
784,4,1,629,05/30/2018
785,7,11,813,07/26/2019
786,4,22,671,01/24/2018
787,8,26,936,09/30/2019
788,1,11,617,09/03/2019
789,6,20,740,01/30/2020
790,2,13,602,06/15/2017
791,10,8,701,05/14/2020
792,1,24,421,06/26/2018
793,5,25,331,07/06/2019
794,1,23,111,09/06/2017
795,4,18,1000,08/02/2019
796,5,19,84,05/08/2020
797,7,9,156,06/12/2019
798,5,30,63,12/09/2020
799,7,7,895,03/08/2019
800,5,7,912,01/02/2019
801,6,1,465,03/28/2017
802,5,26,823,09/08/2020
803,10,5,757,02/18/2020
804,6,27,477,04/08/2018
805,5,4,762,04/22/2021
806,8,2,920,06/17/2017
807,2,27,983,10/27/2017
808,3,27,919,07/09/2020
809,2,11,389,01/02/2019
810,7,30,876,10/16/2020
811,5,30,190,10/09/2019
812,8,1,252,11/19/2017
813,9,18,534,01/20/2020
814,7,25,744,06/29/2020
815,9,11,542,03/25/2018
816,7,29,938,05/20/2018
817,3,17,981,02/14/2021
818,6,12,264,08/21/2018
819,3,28,444,11/14/2018
820,6,21,27,03/26/2019
821,3,21,174,09/02/2020
822,8,14,566,06/29/2018
823,1,17,60,10/14/2020
824,3,4,197,12/12/2018
825,10,15,74,03/06/2019
826,9,20,712,02/03/2019
827,5,26,909,08/21/2018
828,4,17,972,09/26/2018
829,7,12,195,01/15/2017
830,6,29,72,05/17/2018
831,4,28,424,07/17/2019
832,4,12,853,09/26/2018
833,4,26,993,02/28/2020
834,3,18,629,02/10/2018
835,10,20,518,03/07/2018
836,10,7,368,08/14/2018
837,10,21,438,10/11/2019
838,4,10,879,02/19/2018
839,4,11,57,06/16/2020
840,9,6,474,02/19/2019
841,2,19,306,05/23/2021
842,10,7,422,04/23/2019
843,4,27,201,09/25/2018
844,9,22,677,12/21/2017
845,8,18,326,09/16/2017
846,8,5,45,10/17/2020
847,8,18,543,12/14/2020
848,3,14,720,03/12/2018
849,1,4,692,10/22/2017
850,2,1,293,07/22/2018
851,5,22,267,01/02/2021
852,3,17,293,02/19/2020
853,10,28,995,01/27/2020
854,1,20,249,03/17/2019
855,6,1,417,11/21/2018
856,2,8,663,08/23/2019
857,7,29,50,10/28/2019
858,7,6,920,10/07/2017
859,10,14,936,03/19/2021
860,2,8,293,07/29/2017
861,7,29,46,05/15/2019
862,9,19,18,08/16/2017
863,9,22,242,03/16/2020
864,3,4,955,03/27/2018
865,4,25,175,09/10/2017
866,5,14,888,01/09/2021
867,8,3,382,11/09/2017
868,4,10,566,10/02/2019
869,7,3,700,10/23/2017
870,9,26,912,03/21/2021
871,1,3,93,09/08/2018
872,9,30,997,10/16/2019
873,7,3,219,12/09/2017
874,2,7,503,12/16/2019
875,10,6,748,05/19/2021
876,1,6,714,07/28/2019
877,4,20,355,02/27/2019
878,1,13,797,04/03/2020
879,8,28,745,05/09/2017
880,8,22,885,06/25/2017
881,4,11,408,05/25/2020
882,8,21,859,04/29/2017
883,10,21,493,08/14/2020
884,8,4,152,04/09/2020
885,7,14,703,03/09/2021
886,6,15,94,09/27/2018
887,5,9,409,11/22/2018
888,7,15,716,10/12/2020
889,10,30,894,08/14/2017
890,5,3,217,10/03/2020
891,2,6,375,04/03/2019
892,5,15,742,08/13/2018
893,5,15,79,04/11/2019
894,2,28,165,06/21/2020
895,5,26,977,06/10/2017
896,10,18,166,11/20/2017
897,4,9,229,11/13/2020
898,9,6,342,10/05/2020
899,2,8,443,12/26/2020
900,7,11,93,11/04/2018
901,8,11,881,03/25/2018
902,5,30,878,12/10/2019
903,10,24,45,05/13/2018
904,1,25,438,04/04/2017
905,6,7,957,04/06/2021
906,9,12,856,09/20/2018
907,10,25,576,11/29/2020
908,6,22,334,04/25/2021
909,2,16,760,12/22/2020
910,4,7,829,05/27/2021
911,4,19,102,08/04/2018
912,3,20,325,01/21/2020
913,6,29,215,03/25/2021
914,7,1,148,10/07/2019
915,1,20,805,04/07/2019
916,3,17,538,03/13/2021
917,9,10,62,10/18/2018
918,1,29,919,06/22/2020
919,2,12,812,02/08/2018
920,6,1,852,07/16/2017
921,10,18,295,02/06/2017
922,3,8,269,04/10/2018
923,6,29,437,06/23/2020
924,4,19,343,11/20/2018
925,7,10,636,09/22/2020
926,2,12,514,01/21/2021
927,3,23,173,03/27/2019
928,2,10,440,01/17/2020
929,5,12,461,10/23/2017
930,9,22,988,01/04/2020
931,6,7,762,07/19/2019
932,3,5,554,03/26/2020
933,4,15,606,09/25/2020
934,2,5,365,01/26/2021
935,8,6,283,02/14/2017
936,1,20,951,08/26/2020
937,2,24,248,07/18/2018
938,9,6,478,12/08/2019
939,1,28,406,10/07/2017
940,4,19,113,04/13/2018
941,10,6,290,07/11/2020
942,3,25,144,10/12/2018
943,5,28,754,12/19/2020
944,4,5,415,11/10/2018
945,6,30,474,08/17/2019
946,2,22,858,07/08/2017
947,10,21,269,09/06/2017
948,10,16,673,08/12/2019
949,5,3,582,12/29/2019
950,2,1,132,04/10/2019
951,8,17,142,02/25/2018
952,2,17,409,04/25/2020
953,2,26,642,08/29/2020
954,4,6,176,01/28/2021
955,5,5,450,06/07/2019
956,9,27,355,12/29/2018
957,1,23,525,06/30/2017
958,3,27,289,05/26/2018
959,8,27,175,03/27/2019
960,6,6,144,11/03/2018
961,8,14,812,01/18/2019
962,2,24,442,07/09/2020
963,5,14,257,10/09/2020
964,2,6,485,01/27/2017
965,1,2,735,11/06/2018
966,7,28,97,08/09/2017
967,7,10,814,07/27/2019
968,9,22,956,10/26/2019
969,3,13,945,07/15/2018
970,5,17,723,05/28/2019
971,1,6,533,02/28/2020
972,1,22,795,08/17/2020
973,2,28,557,04/24/2018
974,10,18,928,04/22/2021
975,1,11,30,01/26/2019
976,2,17,463,07/23/2017
977,3,10,523,10/15/2018
978,9,24,862,02/14/2020
979,9,23,209,01/25/2021
980,3,13,827,03/21/2018
981,1,1,528,05/23/2020
982,3,11,635,07/22/2020
983,4,6,923,03/15/2021
984,4,15,720,03/03/2021
985,3,8,821,02/03/2017
986,4,5,276,07/20/2017
987,8,4,423,03/03/2018
988,10,7,702,02/12/2017
989,8,17,438,01/28/2017
990,3,17,839,02/03/2018
991,3,16,73,01/19/2019
992,2,22,851,08/02/2019
993,9,1,990,05/16/2019
994,10,1,368,01/19/2020
995,6,22,228,02/10/2020
996,7,23,685,01/14/2017
997,7,8,4,05/10/2019
998,3,8,705,07/30/2020
999,4,3,705,06/03/2017
1000,5,3,466,11/19/2018
1001,4,20,920,12/03/2018
1002,1,26,262,05/04/2019
1003,4,18,751,06/01/2017
1004,3,23,812,05/10/2017
1005,8,13,750,08/07/2017
1006,1,1,251,05/07/2021
1007,4,2,6,03/04/2019
1008,5,24,645,08/11/2018
1009,8,18,135,08/09/2019
1010,2,25,515,12/05/2019
1011,7,6,426,01/01/2017
1012,6,21,451,02/12/2018
1013,6,23,941,06/10/2019
1014,10,20,998,10/25/2018
1015,3,29,671,10/11/2018
1016,9,20,892,05/10/2017
1017,3,6,663,01/11/2021
1018,1,28,879,06/16/2018
1019,5,24,751,07/13/2018
1020,6,2,706,11/09/2018
1021,6,18,219,01/01/2020
1022,5,29,933,07/31/2019
1023,7,14,443,07/26/2017
1024,3,12,297,09/17/2017
1025,6,9,439,05/29/2020
1026,1,14,526,11/11/2019
1027,8,9,432,06/09/2020
1028,9,5,509,10/21/2020
1029,5,5,371,12/26/2020
1030,8,10,140,01/13/2021
1031,10,19,668,07/30/2018
1032,10,8,523,09/04/2020
1033,6,19,174,03/18/2017
1034,4,8,59,10/17/2019
1035,6,11,310,01/14/2019
1036,3,14,169,04/23/2019
1037,5,11,623,03/19/2017
1038,3,7,641,03/21/2019
1039,2,7,145,09/10/2020
1040,9,26,999,09/28/2017
1041,10,23,42,05/08/2017
1042,2,10,932,11/14/2018
1043,5,18,793,06/28/2017
1044,2,3,508,04/23/2018
1045,4,9,93,07/30/2018
1046,7,14,437,11/11/2017
1047,7,5,548,09/04/2020
1048,4,7,266,04/25/2019
1049,2,7,979,08/08/2020
1050,5,25,518,02/15/2021
1051,5,6,199,02/20/2018
1052,6,5,788,09/04/2018
1053,1,11,233,12/08/2017
1054,1,7,467,08/30/2019
1055,1,27,384,06/19/2019
1056,10,15,435,07/01/2017
1057,1,22,109,05/12/2019
1058,2,29,694,04/18/2017
1059,9,21,595,07/26/2019
1060,9,24,277,02/27/2020
1061,9,8,436,01/24/2019
1062,2,12,511,08/01/2018
1063,10,23,255,04/20/2021
1064,3,10,842,07/15/2019
1065,9,1,407,09/30/2019
1066,4,9,36,04/29/2021
1067,9,12,995,12/22/2019
1068,3,23,423,10/20/2018
1069,5,17,317,09/14/2020
1070,7,16,478,05/17/2019
1071,1,6,636,05/18/2021
1072,3,6,308,12/21/2020
1073,10,8,395,07/08/2019
1074,3,6,83,11/22/2019
1075,6,26,510,09/30/2020
1076,2,28,792,05/28/2018
1077,9,17,931,07/15/2018
1078,10,16,909,05/06/2018
1079,6,17,648,02/12/2019
1080,8,6,776,06/28/2017
1081,7,21,119,03/19/2019
1082,1,1,282,08/25/2020
1083,9,6,323,04/30/2017
1084,7,26,312,06/18/2017
1085,6,27,278,04/01/2019
1086,8,24,99,01/07/2020
1087,1,13,414,03/31/2017
1088,5,9,693,04/15/2019
1089,2,24,580,02/08/2017
1090,3,2,291,04/12/2019
1091,7,18,503,01/20/2018
1092,1,30,533,11/07/2020
1093,7,24,279,02/14/2018
1094,2,9,960,11/02/2018
1095,6,26,867,07/15/2020
1096,6,20,842,10/01/2020
1097,6,26,140,05/05/2019
1098,3,7,137,05/26/2020
1099,8,17,166,04/26/2019
1100,6,4,813,04/18/2021
1101,7,4,35,11/19/2017
1102,2,12,696,03/23/2018
1103,10,6,987,04/15/2021
1104,5,28,242,05/04/2017
1105,1,27,765,07/22/2019
1106,10,9,277,07/15/2017
1107,5,22,862,03/06/2021
1108,10,12,35,09/14/2020
1109,6,28,189,02/12/2020
1110,1,1,982,06/18/2020
1111,9,16,472,01/11/2021
1112,8,17,996,02/09/2018
1113,9,13,63,02/05/2017
1114,6,9,210,06/11/2019
1115,8,9,985,08/16/2020
1116,6,10,89,02/06/2021
1117,9,26,340,09/22/2019
1118,6,29,159,10/17/2019
1119,8,14,937,12/21/2018
1120,7,26,938,06/16/2019
1121,5,18,401,03/16/2019
1122,2,5,129,12/02/2018
1123,3,23,856,02/25/2020
1124,4,29,115,11/02/2020
1125,7,21,32,06/19/2017
1126,5,18,425,06/23/2019
1127,6,5,93,03/29/2019
1128,4,19,132,11/01/2017
1129,1,5,494,09/07/2019
1130,3,9,472,12/21/2018
1131,5,17,510,07/23/2020
1132,5,1,502,03/01/2019
1133,2,21,588,05/09/2020
1134,1,27,292,08/11/2018
1135,5,6,598,08/07/2020
1136,6,27,221,08/26/2018
1137,3,30,423,07/24/2020
1138,4,5,450,10/22/2020
1139,6,22,56,09/01/2020
1140,5,22,314,05/25/2017
1141,2,29,61,01/20/2021
1142,1,19,365,10/25/2017
1143,10,27,617,03/27/2019
1144,9,26,67,04/04/2017
1145,2,15,580,11/10/2020
1146,8,23,832,09/04/2017
1147,5,20,213,02/18/2018
1148,7,10,202,08/29/2020
1149,1,7,478,06/19/2019
1150,5,5,631,04/29/2018
1151,10,14,547,05/21/2017
1152,5,22,522,10/19/2018
1153,3,19,761,03/06/2018
1154,8,1,956,11/25/2019
1155,4,2,873,01/24/2017
1156,1,14,244,09/29/2019
1157,9,18,67,03/21/2021
1158,9,2,781,04/23/2020
1159,3,6,689,06/19/2018
1160,8,16,654,04/07/2019
1161,1,28,394,07/04/2017
1162,10,29,330,08/23/2020
1163,8,30,696,05/22/2020
1164,6,18,476,08/13/2018
1165,1,5,968,01/01/2021
1166,6,16,114,01/19/2020
1167,8,11,502,08/07/2017
1168,9,2,991,09/19/2018
1169,5,8,830,07/26/2019
1170,3,29,818,09/30/2019
1171,1,26,667,06/24/2017
1172,9,3,878,05/09/2018
1173,8,13,143,10/22/2020
1174,5,10,801,06/04/2020
1175,9,2,524,09/23/2019
1176,1,25,202,08/04/2018
1177,2,25,48,04/18/2019
1178,1,3,488,03/13/2021
1179,6,9,688,04/21/2018
1180,3,25,136,02/02/2021
1181,10,29,137,05/02/2018
1182,3,27,974,04/26/2018
1183,1,16,634,07/27/2020
1184,7,8,201,12/08/2018
1185,4,8,92,03/27/2017
1186,2,2,588,12/04/2019
1187,6,20,445,01/10/2021
1188,8,21,547,01/10/2017
1189,3,20,334,07/07/2017
1190,1,6,880,07/13/2019
1191,1,11,593,08/08/2017
1192,1,3,394,01/12/2021
1193,1,24,656,01/15/2017
1194,10,3,211,07/22/2017
1195,6,17,745,09/12/2020
1196,3,14,458,04/19/2020
1197,3,7,494,02/12/2017
1198,7,14,572,01/03/2017
1199,7,13,731,03/07/2018
1200,5,9,649,04/11/2021
1201,6,4,442,02/24/2021
1202,5,5,82,12/22/2020
1203,5,11,654,05/25/2020
1204,2,16,726,04/16/2020
1205,1,14,527,01/16/2021
1206,6,10,631,04/06/2017
1207,10,19,813,09/28/2017
1208,7,1,981,12/23/2020
1209,9,18,183,08/17/2020
1210,5,7,660,07/22/2019
1211,5,25,692,08/27/2017
1212,3,17,327,02/11/2019
1213,8,22,796,09/17/2017
1214,6,5,332,12/08/2017
1215,7,26,357,01/06/2018
1216,5,20,31,09/29/2019
1217,1,7,613,08/28/2020
1218,3,30,613,06/05/2017
1219,6,29,589,10/19/2018
1220,6,19,802,06/28/2019
1221,4,5,950,05/21/2020
1222,2,26,661,10/06/2018
1223,9,29,911,10/01/2020
1224,6,7,10,01/17/2021
1225,8,16,311,08/09/2019
1226,8,14,421,05/20/2019
1227,3,7,51,01/17/2018
1228,9,30,72,01/25/2017
1229,2,7,208,07/13/2018
1230,2,13,387,03/08/2017
1231,10,8,920,06/06/2019
1232,9,21,325,05/29/2019
1233,7,25,502,10/31/2019
1234,8,22,306,12/23/2018
1235,3,12,135,07/15/2017
1236,5,22,468,09/08/2018
1237,4,8,804,05/18/2019
1238,2,18,727,12/27/2018
1239,9,10,706,06/16/2018
1240,10,3,630,02/23/2017
1241,1,24,707,02/25/2020
1242,2,25,931,04/02/2018
1243,1,1,584,07/17/2020
1244,10,3,700,05/04/2017
1245,3,22,906,01/01/2020
1246,7,27,255,12/21/2018
1247,10,28,166,09/13/2020
1248,2,20,913,01/09/2019
1249,6,21,350,05/18/2019
1250,1,28,879,10/06/2017
1251,7,25,244,12/10/2018
1252,10,6,919,01/15/2017
1253,2,26,717,07/02/2020
1254,9,12,143,05/04/2017
1255,8,25,635,10/28/2019
1256,4,27,844,10/02/2019
1257,3,22,324,03/22/2019
1258,7,29,264,04/23/2021
1259,8,13,657,05/11/2018
1260,6,4,629,09/21/2020
1261,8,8,106,05/18/2021
1262,10,12,66,12/28/2019
1263,1,14,440,01/10/2019
1264,2,14,478,11/20/2017
1265,9,7,345,03/06/2021
1266,9,29,99,08/03/2018
1267,10,9,235,05/01/2018
1268,1,8,394,03/28/2020
1269,5,9,423,10/22/2019
1270,1,23,274,06/20/2018
1271,2,22,267,01/09/2020
1272,4,17,25,09/24/2017
1273,3,11,855,01/16/2020
1274,6,9,464,05/12/2017
1275,5,30,578,10/30/2020
1276,5,9,612,03/12/2018
1277,7,10,458,05/21/2019
1278,5,18,318,06/08/2020
1279,7,8,391,04/01/2019
1280,3,8,586,07/26/2018
1281,2,20,726,01/03/2020
1282,4,12,777,01/28/2017
1283,8,22,633,02/21/2018
1284,2,10,979,08/23/2019
1285,8,12,926,12/16/2017
1286,10,14,88,04/08/2021
1287,4,22,42,04/21/2021
1288,10,13,613,04/18/2019
1289,6,2,40,09/03/2020
1290,4,5,225,02/03/2020
1291,5,25,648,03/18/2017
1292,1,5,143,06/16/2017
1293,1,7,684,09/27/2019
1294,2,20,910,11/19/2020
1295,7,11,974,09/23/2018
1296,4,22,645,12/29/2019
1297,6,27,208,07/16/2017
1298,9,3,115,05/17/2020
1299,3,4,413,04/24/2020
1300,6,17,211,01/24/2018
1301,3,30,631,09/25/2018
1302,2,28,226,01/23/2017
1303,3,25,594,08/02/2018
1304,6,4,459,05/18/2019
1305,5,7,887,03/15/2018
1306,1,25,266,05/03/2017
1307,9,15,253,08/30/2018
1308,4,16,81,07/25/2020
1309,9,2,320,08/14/2017
1310,2,19,778,10/09/2017
1311,3,3,434,07/09/2020
1312,3,28,815,09/23/2019
1313,10,6,451,11/26/2018
1314,6,21,308,05/11/2017
1315,2,16,631,09/13/2018
1316,4,9,930,09/18/2017
1317,9,2,908,11/27/2018
1318,6,24,418,11/22/2017
1319,9,12,218,10/13/2020
1320,7,30,16,08/29/2019
1321,6,3,807,05/10/2021
1322,6,12,880,09/09/2018
1323,6,6,283,04/04/2020
1324,3,21,680,02/09/2017
1325,4,2,446,07/29/2020
1326,2,1,781,03/01/2020
1327,5,30,590,05/07/2019
1328,4,15,658,09/01/2017
1329,4,12,670,12/14/2017
1330,8,4,902,03/12/2019
1331,1,24,386,01/17/2017
1332,1,13,489,05/26/2018
1333,10,1,807,07/24/2017
1334,4,7,35,04/01/2019
1335,1,6,788,04/12/2019
1336,3,13,951,10/10/2017
1337,5,18,747,10/13/2020
1338,4,1,743,06/15/2020
1339,2,5,130,02/13/2019
1340,6,28,325,03/26/2017
1341,2,28,953,12/08/2020
1342,8,6,450,01/15/2020
1343,5,18,202,10/25/2019
1344,5,27,699,01/14/2020
1345,2,8,657,02/18/2018
1346,3,12,270,08/30/2020
1347,7,26,25,05/19/2020
1348,9,10,780,03/09/2020
1349,10,19,177,02/09/2019
1350,4,21,688,10/01/2020
1351,1,5,234,04/23/2017
1352,8,8,857,03/15/2018
1353,3,14,479,01/05/2018
1354,2,27,605,05/25/2020
1355,2,23,707,02/08/2017
1356,6,27,671,08/27/2020
1357,6,14,872,03/02/2020
1358,1,17,484,12/26/2017
1359,3,28,76,09/09/2020
1360,6,30,886,10/25/2020
1361,2,21,359,10/24/2018
1362,3,4,480,05/27/2018
1363,10,5,673,11/14/2018
1364,10,24,683,01/02/2018
1365,2,12,360,09/21/2019
1366,3,6,854,02/11/2021
1367,2,26,304,04/24/2017
1368,5,12,852,06/17/2017
1369,4,8,341,09/25/2020
1370,5,15,434,11/24/2018
1371,5,6,651,02/26/2018
1372,9,19,641,04/17/2018
1373,10,18,191,10/24/2018
1374,3,14,351,01/17/2017
1375,8,25,546,03/23/2020
1376,2,29,910,03/12/2018
1377,1,6,930,12/31/2018
1378,2,2,98,11/25/2019
1379,1,3,730,08/03/2020
1380,6,14,716,10/24/2020
1381,5,23,789,09/10/2018
1382,5,7,812,12/18/2019
1383,3,8,33,12/24/2017
1384,10,7,115,06/23/2020
1385,10,3,645,01/25/2017
1386,10,17,974,01/26/2017
1387,7,8,948,01/13/2018
1388,3,25,573,07/18/2020
1389,10,18,877,04/18/2018
1390,1,26,908,10/22/2019
1391,5,1,16,10/31/2020
1392,3,18,872,06/22/2017
1393,1,26,120,01/19/2021
1394,3,12,902,05/22/2020
1395,5,24,760,12/21/2019
1396,3,27,431,04/02/2019
1397,9,21,1000,01/06/2018
1398,8,19,923,10/16/2019
1399,4,22,787,09/16/2020
1400,8,6,967,07/20/2019
1401,3,29,815,06/27/2017
1402,4,5,171,12/30/2017
1403,1,21,632,02/05/2021
1404,1,7,585,02/05/2018
1405,9,8,645,06/20/2019
1406,1,2,979,04/25/2019
1407,6,27,889,04/13/2019
1408,6,12,344,07/16/2018
1409,2,8,658,12/06/2018
1410,2,10,676,09/05/2020
1411,8,25,611,12/14/2019
1412,10,3,290,01/02/2020
1413,7,1,396,04/09/2018
1414,10,10,988,05/05/2019
1415,3,10,401,06/06/2017
1416,9,15,31,07/27/2020
1417,1,1,707,09/27/2019
1418,7,2,207,03/30/2020
1419,6,9,201,01/12/2019
1420,10,24,883,03/03/2021
1421,9,23,679,06/18/2017
1422,2,6,371,06/13/2019
1423,1,25,143,10/07/2019
1424,7,22,516,06/14/2019
1425,4,2,673,07/30/2019
1426,1,25,130,09/06/2017
1427,2,8,401,02/07/2019
1428,9,13,212,02/26/2020
1429,9,28,216,06/26/2017
1430,3,12,340,05/24/2017
1431,6,16,279,09/29/2018
1432,3,11,229,03/18/2017
1433,2,15,631,02/17/2020
1434,2,10,964,11/25/2017
1435,1,5,652,10/04/2020
1436,4,22,996,01/30/2019
1437,4,9,436,04/16/2018
1438,7,4,86,04/23/2021
1439,5,19,517,11/01/2019
1440,1,22,266,03/06/2020
1441,6,16,903,07/06/2018
1442,6,20,131,06/05/2018
1443,5,30,722,03/30/2019
1444,6,6,807,01/09/2019
1445,1,7,563,08/19/2017
1446,3,1,770,04/20/2020
1447,1,2,9,11/14/2017
1448,2,28,999,12/17/2018
1449,6,1,524,05/21/2019
1450,7,30,698,12/01/2020
1451,10,18,882,09/27/2017
1452,3,27,636,09/09/2017
1453,2,14,259,01/31/2021
1454,3,8,72,03/21/2019
1455,1,17,430,04/10/2020
1456,2,24,590,01/15/2021
1457,3,27,1,08/03/2017
1458,7,29,937,02/24/2018
1459,5,27,251,05/05/2017
1460,10,23,122,01/02/2019
1461,8,17,8,08/05/2017
1462,5,21,856,09/20/2020
1463,7,15,752,07/21/2018
1464,1,21,848,04/18/2018
1465,9,11,260,08/08/2019
1466,9,1,911,03/30/2017
1467,8,7,275,07/14/2017
1468,9,29,939,03/22/2018
1469,8,12,441,07/10/2020
1470,4,18,801,10/11/2019
1471,6,28,112,08/25/2019
1472,6,16,74,04/30/2019
1473,9,13,799,07/03/2017
1474,3,30,645,06/30/2019
1475,1,12,146,08/13/2018
1476,2,2,193,06/06/2018
1477,6,9,255,01/13/2019
1478,4,23,286,08/17/2019
1479,10,11,796,11/22/2019
1480,9,28,667,11/10/2020
1481,9,30,951,05/13/2018
1482,5,8,409,10/16/2019
1483,6,28,70,01/15/2020
1484,4,20,846,05/06/2021
1485,6,10,571,01/30/2019
1486,5,15,995,08/02/2018
1487,8,4,501,01/26/2019
1488,4,8,245,06/05/2018
1489,7,12,248,05/13/2018
1490,1,4,497,08/14/2018
1491,7,14,644,07/25/2020
1492,10,11,897,11/18/2017
1493,2,19,669,09/20/2020
1494,8,20,137,05/21/2019
1495,5,11,521,09/11/2020
1496,8,20,145,08/03/2017
1497,10,16,549,07/17/2018
1498,6,11,231,01/24/2020
1499,1,3,945,01/17/2017
1500,10,8,990,08/06/2018
1501,4,30,747,02/24/2018
1502,8,5,564,06/29/2019
1503,1,19,357,05/21/2020
1504,10,18,881,10/10/2019
1505,5,3,587,08/22/2019
1506,6,21,126,12/09/2018
1507,9,28,592,06/10/2019
1508,10,1,114,03/08/2018
1509,6,19,865,12/10/2018
1510,10,11,101,03/18/2019
1511,9,25,902,07/31/2019
1512,1,21,91,11/23/2018
1513,2,5,840,06/17/2020
1514,5,20,204,03/30/2017
1515,2,14,944,08/25/2019
1516,2,5,679,04/03/2021
1517,6,23,834,08/09/2020
1518,6,15,402,07/06/2017
1519,4,23,173,09/02/2017
1520,7,29,37,03/05/2018
1521,10,3,609,05/09/2019
1522,6,7,616,09/28/2020
1523,1,25,38,01/04/2020
1524,3,16,85,12/23/2020
1525,2,11,155,08/07/2017
1526,2,18,556,04/25/2017
1527,6,29,650,05/01/2017
1528,6,1,244,05/04/2018
1529,2,23,536,03/19/2019
1530,6,5,649,10/16/2019
1531,3,10,488,11/27/2017
1532,3,6,434,06/21/2019
1533,5,4,14,08/02/2017
1534,5,1,772,03/11/2021
1535,4,13,986,09/13/2017
1536,7,18,484,06/27/2017
1537,3,1,305,03/25/2018
1538,9,10,204,08/20/2020
1539,3,25,960,04/11/2019
1540,8,19,162,04/14/2017
1541,2,28,886,06/26/2020
1542,3,19,72,12/07/2018
1543,4,24,639,12/26/2018
1544,8,2,405,08/05/2018
1545,6,17,496,03/16/2020
1546,7,15,116,10/10/2018
1547,3,22,891,01/25/2020
1548,3,6,334,04/20/2020
1549,7,13,839,09/23/2018
1550,4,19,399,11/24/2017
1551,10,4,252,05/03/2017
1552,10,24,966,11/22/2018
1553,5,26,552,09/21/2017
1554,1,6,572,08/14/2017
1555,8,25,486,07/31/2018
1556,8,7,314,06/15/2019
1557,10,10,325,02/01/2020
1558,10,27,207,09/05/2018
1559,2,4,399,03/14/2019
1560,8,20,630,07/11/2017
1561,8,7,252,08/29/2017
1562,8,26,550,06/06/2018
1563,9,9,282,01/23/2020
1564,8,5,601,11/10/2019
1565,6,17,611,07/06/2020
1566,9,16,275,07/03/2020
1567,5,18,591,05/25/2018
1568,10,9,533,11/08/2018
1569,3,28,891,03/13/2020
1570,4,29,306,12/28/2017
1571,4,28,445,03/01/2018
1572,10,9,693,07/28/2020
1573,7,5,611,06/25/2019
1574,9,25,976,02/19/2020
1575,9,4,126,04/28/2018
1576,3,17,623,01/29/2020
1577,1,22,544,02/18/2019
1578,2,7,953,04/12/2018
1579,6,27,357,06/30/2018
1580,9,8,957,09/30/2017
1581,5,28,956,02/21/2019
1582,8,7,387,05/14/2018
1583,6,12,404,02/23/2019
1584,9,14,220,06/19/2020
1585,8,20,151,10/15/2017
1586,7,14,256,12/24/2019
1587,9,3,746,10/19/2020
1588,4,22,437,10/22/2017
1589,1,16,968,03/27/2021
1590,10,26,592,07/02/2020
1591,3,6,995,04/25/2019
1592,1,25,688,10/15/2017
1593,10,27,614,02/05/2021
1594,10,8,512,07/22/2017
1595,2,13,721,02/19/2020
1596,3,29,600,07/10/2017
1597,1,17,369,11/24/2019
1598,10,10,876,09/27/2020
1599,3,19,454,10/07/2019
1600,5,4,49,10/29/2020
1601,9,17,135,06/12/2018
1602,4,24,854,01/15/2018
1603,5,1,54,09/14/2019
1604,2,29,400,02/19/2018
1605,9,7,981,11/11/2020
1606,6,20,267,01/10/2017
1607,6,6,666,02/14/2019
1608,8,19,92,12/19/2020
1609,4,3,352,11/04/2020
1610,9,24,712,03/08/2018
1611,3,10,347,09/08/2020
1612,8,5,253,10/17/2018
1613,5,17,195,06/23/2018
1614,10,2,792,06/30/2019
1615,6,4,416,11/07/2017
1616,3,7,674,07/18/2020
1617,8,8,544,09/07/2020
1618,8,7,935,07/03/2017
1619,2,4,571,08/09/2017
1620,3,6,562,09/12/2019
1621,3,27,415,04/02/2018
1622,8,6,27,03/22/2018
1623,1,7,591,11/24/2017
1624,7,11,872,04/17/2019
1625,5,6,861,04/21/2019
1626,2,14,975,05/22/2021
1627,5,9,736,05/27/2018
1628,9,10,498,01/12/2021
1629,3,4,100,05/25/2020
1630,5,22,929,03/24/2020
1631,6,12,745,01/06/2017
1632,7,29,1000,09/14/2019
1633,10,13,755,04/16/2018
1634,6,26,66,04/23/2017
1635,2,2,656,06/01/2018
1636,10,25,524,06/06/2017
1637,2,15,286,11/25/2020
1638,3,4,693,02/06/2021
1639,4,21,545,11/05/2018
1640,3,11,587,04/13/2018
1641,1,16,194,03/11/2019
1642,9,12,353,10/25/2019
1643,2,1,86,10/08/2020
1644,7,26,846,06/23/2018
1645,6,3,381,11/14/2018
1646,4,17,194,11/29/2017
1647,10,18,842,09/15/2017
1648,7,30,884,01/20/2021
1649,1,2,233,09/07/2018
1650,4,3,453,07/17/2020
1651,8,17,388,11/07/2017
1652,8,25,433,12/21/2019
1653,7,13,895,08/08/2020
1654,7,2,168,11/10/2017
1655,9,10,717,10/11/2020
1656,9,25,95,01/15/2019
1657,2,19,712,01/20/2020
1658,2,8,206,08/13/2018
1659,10,23,286,11/28/2019
1660,3,10,668,06/13/2018
1661,2,20,81,03/10/2017
1662,5,27,243,01/31/2019
1663,7,22,446,02/15/2020
1664,9,16,379,06/28/2020
1665,8,23,670,05/13/2020
1666,5,9,377,01/01/2021
1667,3,24,742,12/08/2018
1668,2,14,867,04/03/2019
1669,8,29,936,01/22/2018
1670,1,25,292,03/26/2021
1671,3,30,579,01/22/2018
1672,1,6,690,03/22/2021
1673,9,1,454,07/05/2018
1674,9,26,976,10/04/2020
1675,6,27,207,02/09/2021
1676,6,23,97,03/02/2019
1677,1,13,12,05/05/2017
1678,6,25,710,11/14/2017
1679,4,30,501,07/29/2019
1680,2,17,536,04/27/2020
1681,4,17,762,09/30/2018
1682,2,21,286,08/07/2018
1683,6,29,818,10/21/2018
1684,2,9,91,09/03/2018
1685,6,24,211,05/23/2018
1686,6,23,829,04/11/2021
1687,3,25,429,10/10/2020
1688,8,2,410,03/02/2021
1689,9,24,417,03/07/2017
1690,6,14,933,11/05/2020
1691,4,15,50,09/17/2019
1692,3,1,870,03/02/2021
1693,1,13,854,06/11/2017
1694,4,23,350,08/23/2017
1695,7,16,125,03/20/2019
1696,3,13,165,01/20/2018
1697,10,10,146,06/11/2018
1698,8,7,159,10/29/2020
1699,4,15,294,12/21/2018
1700,1,14,870,07/05/2019
1701,5,9,724,09/10/2019
1702,10,22,424,05/21/2018
1703,9,1,778,12/22/2017
1704,6,7,838,08/30/2019
1705,5,3,471,12/31/2020
1706,3,2,151,03/14/2019
1707,3,12,840,07/03/2020
1708,2,16,233,06/07/2017
1709,3,9,476,01/06/2021
1710,6,11,149,07/22/2018
1711,8,3,561,04/01/2018
1712,1,30,65,02/21/2018
1713,8,16,67,04/21/2017
1714,6,2,628,03/06/2020
1715,10,30,416,09/08/2018
1716,2,9,531,01/07/2017
1717,4,9,978,02/01/2017
1718,4,6,360,07/11/2019
1719,1,28,225,05/28/2017
1720,4,12,539,05/09/2019
1721,2,1,988,12/04/2018
1722,3,14,606,02/23/2020
1723,9,22,431,05/11/2020
1724,1,21,85,05/12/2018
1725,3,1,184,02/03/2021
1726,4,7,890,02/03/2020
1727,2,13,857,09/03/2020
1728,6,22,814,05/15/2021
1729,6,9,999,06/14/2018
1730,7,11,500,05/19/2019
1731,3,12,304,09/21/2017
1732,4,4,638,10/24/2017
1733,2,3,536,12/01/2019
1734,7,15,904,03/25/2019
1735,5,8,718,01/29/2019
1736,7,14,639,03/20/2021
1737,6,16,474,12/12/2019
1738,2,1,71,03/31/2020
1739,1,24,474,07/13/2017
1740,2,3,723,08/10/2017
1741,1,26,535,08/23/2020
1742,7,10,826,07/14/2019
1743,2,1,362,02/03/2018
1744,10,26,765,04/07/2019
1745,7,5,795,01/29/2018
1746,2,15,919,09/04/2020
1747,3,26,873,08/08/2019
1748,2,19,744,06/08/2017
1749,9,12,969,01/27/2019
1750,6,24,936,05/11/2018
1751,6,6,558,03/05/2021
1752,4,6,613,11/15/2018
1753,2,29,178,12/20/2018
1754,10,25,153,02/27/2019
1755,7,6,546,04/14/2020
1756,6,10,6,01/19/2017
1757,1,10,775,06/05/2019
1758,3,29,259,04/18/2017
1759,6,29,193,02/23/2019
1760,7,19,657,07/05/2020
1761,2,17,964,06/18/2020
1762,9,1,399,01/06/2020
1763,3,18,368,10/01/2018
1764,2,4,84,01/10/2017
1765,7,16,940,07/14/2018
1766,7,14,547,02/23/2020
1767,7,21,936,08/19/2020
1768,10,19,162,01/04/2020
1769,1,13,52,05/14/2017
1770,7,4,799,05/13/2020
1771,7,21,354,11/30/2020
1772,8,24,503,09/18/2020
1773,10,16,549,03/01/2021
1774,9,22,271,03/03/2021
1775,5,7,529,01/05/2018
1776,10,17,502,12/17/2020
1777,2,29,475,04/16/2018
1778,2,29,617,09/02/2017
1779,10,28,37,05/12/2020
1780,4,14,806,09/13/2017
1781,10,13,738,07/26/2017
1782,3,9,234,06/22/2018
1783,2,7,127,08/25/2019
1784,6,7,169,12/28/2019
1785,2,5,173,10/11/2020
1786,7,14,860,01/17/2017
1787,7,16,487,08/03/2018
1788,10,8,780,02/28/2018
1789,6,15,478,05/06/2020
1790,3,10,829,01/29/2020
1791,4,27,426,03/18/2019
1792,4,7,944,12/09/2017
1793,8,22,633,04/23/2018
1794,2,1,17,07/22/2019
1795,3,19,850,05/28/2017
1796,9,15,508,03/30/2021
1797,8,26,861,06/02/2019
1798,4,3,656,07/29/2018
1799,3,2,304,02/09/2017
1800,9,2,881,03/13/2020
1801,6,26,925,05/22/2019
1802,3,4,653,02/23/2018
1803,3,20,474,07/14/2019
1804,8,8,456,12/01/2017
1805,2,8,595,05/31/2021
1806,2,22,428,03/16/2021
1807,6,3,611,02/08/2021
1808,4,16,471,01/05/2020
1809,6,24,948,12/12/2018
1810,1,27,571,08/08/2018
1811,10,23,495,05/15/2018
1812,9,11,102,11/02/2020
1813,10,19,730,09/13/2018
1814,9,15,417,10/06/2019
1815,8,25,227,03/22/2020
1816,8,30,235,02/02/2019
1817,7,23,850,03/07/2020
1818,10,12,563,12/09/2017
1819,10,27,567,11/11/2018
1820,2,10,986,04/09/2019
1821,9,8,191,10/30/2017
1822,10,4,371,09/09/2018
1823,7,5,292,06/20/2017
1824,7,21,201,06/22/2017
1825,2,23,206,03/20/2021
1826,4,14,969,07/17/2018
1827,6,2,736,03/26/2018
1828,8,27,817,07/25/2017
1829,6,29,918,05/16/2017
1830,3,21,762,06/16/2019
1831,1,2,787,01/26/2017
1832,3,1,553,11/19/2017
1833,4,1,359,09/14/2020
1834,8,15,272,11/17/2018
1835,1,26,336,07/28/2020
1836,10,2,173,09/01/2017
1837,10,20,895,07/20/2017
1838,1,25,282,05/07/2018
1839,8,29,819,08/09/2017
1840,9,20,74,01/17/2021
1841,8,21,404,09/05/2020
1842,6,12,842,07/10/2019
1843,5,20,695,08/09/2018
1844,9,20,54,11/15/2020
1845,10,30,306,06/07/2019
1846,1,23,408,05/25/2021
1847,10,16,265,10/14/2019
1848,10,27,372,01/09/2019
1849,8,3,201,05/30/2019
1850,8,17,864,05/17/2019
1851,5,3,936,04/21/2019
1852,4,18,212,06/22/2020
1853,4,9,994,02/03/2019
1854,1,1,979,05/15/2021
1855,4,13,46,04/18/2018
1856,1,14,165,05/13/2018
1857,10,18,742,01/16/2018
1858,3,4,520,08/03/2019
1859,4,7,10,10/12/2017
1860,2,21,24,11/24/2017
1861,10,6,611,10/04/2020
1862,1,23,661,06/30/2017
1863,9,21,546,06/27/2019
1864,8,9,783,02/21/2019
1865,1,27,38,03/04/2019
1866,7,16,562,03/17/2018
1867,8,19,89,05/07/2021
1868,7,10,291,10/15/2017
1869,1,27,541,01/19/2018
1870,2,1,242,04/27/2018
1871,7,9,802,04/27/2021
1872,1,12,858,01/14/2018
1873,3,6,153,02/09/2017
1874,4,1,483,09/27/2017
1875,4,1,59,05/30/2020
1876,9,27,500,11/10/2020
1877,8,3,830,01/12/2018
1878,3,3,384,03/06/2019
1879,3,14,604,12/01/2018
1880,2,9,126,06/20/2018
1881,4,20,670,12/30/2019
1882,10,22,258,12/23/2018
1883,2,20,227,11/25/2019
1884,9,12,106,02/19/2019
1885,7,8,813,11/30/2017
1886,2,25,808,04/11/2021
1887,5,27,195,05/02/2020
1888,4,1,330,05/11/2020
1889,2,6,92,09/03/2019
1890,4,10,750,11/02/2020
1891,10,6,650,04/01/2018
1892,7,8,430,01/08/2019
1893,10,24,223,01/28/2020
1894,5,19,12,02/01/2020
1895,6,21,516,05/09/2019
1896,7,8,652,03/09/2017
1897,1,22,966,09/14/2020
1898,10,13,375,01/22/2019
1899,6,20,498,09/15/2019
1900,8,10,677,11/19/2020
1901,4,18,183,12/30/2019
1902,8,26,966,02/17/2020
1903,7,6,46,12/11/2017
1904,9,4,139,06/20/2020
1905,4,19,878,01/03/2020
1906,6,25,127,11/22/2019
1907,8,18,428,02/05/2019
1908,8,11,857,08/29/2018
1909,1,11,457,07/10/2019
1910,9,8,198,07/03/2019
1911,7,16,239,03/15/2020
1912,6,4,16,10/13/2018
1913,1,8,816,08/26/2019
1914,6,11,203,03/20/2017
1915,2,5,753,06/20/2020
1916,7,27,593,08/07/2019
1917,4,3,263,03/05/2020
1918,5,26,470,03/01/2021
1919,7,12,941,05/25/2019
1920,6,11,401,11/22/2018
1921,6,19,91,04/22/2018
1922,2,11,503,01/06/2020
1923,6,27,550,08/31/2019
1924,8,16,209,03/03/2021
1925,7,11,891,10/10/2019
1926,7,4,6,07/29/2017
1927,3,27,47,12/13/2018
1928,4,2,817,06/25/2019
1929,10,18,871,02/14/2020
1930,4,18,785,07/13/2020
1931,6,6,156,10/29/2018
1932,1,16,236,12/22/2017
1933,10,3,638,05/20/2020
1934,2,16,544,07/01/2019
1935,8,23,80,01/20/2018
1936,6,11,532,01/18/2021
1937,8,7,76,02/11/2020
1938,6,12,853,08/09/2018
1939,10,8,774,12/12/2018
1940,9,21,890,09/14/2017
1941,7,14,869,10/10/2017
1942,1,9,718,10/28/2018
1943,10,4,120,02/18/2017
1944,5,27,431,12/11/2018
1945,2,19,640,11/27/2018
1946,2,9,442,06/16/2019
1947,6,13,588,03/10/2018
1948,7,27,484,12/05/2018
1949,5,30,178,03/02/2020
1950,2,5,754,11/11/2018
1951,2,3,520,08/06/2020
1952,10,19,564,05/14/2020
1953,9,21,476,01/05/2020
1954,1,18,752,04/09/2020
1955,9,28,572,09/21/2019
1956,2,28,699,06/08/2020
1957,3,6,219,08/16/2020
1958,7,26,112,12/21/2020
1959,5,28,130,08/25/2020
1960,9,11,255,06/05/2020
1961,10,9,818,07/24/2019
1962,2,26,41,01/09/2018
1963,4,29,975,01/10/2019
1964,1,10,946,11/27/2019
1965,3,3,100,03/22/2020
1966,5,5,196,08/17/2017
1967,1,1,532,04/26/2019
1968,2,6,695,01/05/2017
1969,10,18,880,02/13/2017
1970,9,18,232,05/11/2019
1971,3,19,686,03/16/2020
1972,1,14,201,10/22/2020
1973,2,9,935,03/22/2020
1974,10,19,701,12/29/2018
1975,4,22,568,05/22/2021
1976,8,23,317,08/25/2017
1977,5,7,473,11/21/2018
1978,6,21,773,11/03/2020
1979,3,14,314,10/20/2018
1980,5,29,769,04/23/2017
1981,3,3,53,10/26/2018
1982,9,16,986,06/08/2020
1983,9,25,728,01/06/2018
1984,2,24,750,11/14/2019
1985,7,28,218,09/29/2020
1986,4,27,790,09/19/2017
1987,6,6,882,10/13/2017
1988,4,28,984,05/19/2017
1989,3,23,466,12/22/2019
1990,1,19,773,12/25/2020
1991,9,19,290,09/01/2020
1992,10,1,47,05/24/2019
1993,2,19,272,08/18/2019
1994,10,20,453,07/21/2018
1995,4,5,217,03/26/2017
1996,6,19,822,10/31/2017
1997,5,12,328,02/14/2017
1998,2,19,59,03/26/2020
1999,1,28,502,08/21/2018
